Tweet, 'Emerging GOP conventional wisdom: Nothing went wrong last night that raising taxes on the middle class cannot fix.',-1
Reply," '@davidfrum #TaxCuts: a #panacea for #Everything: #debt, #Growth, #Winning #ElectionDay, #herpes, #HIV, #worldhunger\xe2\x80\xa6 https://t.co/qZGkn8664v'",-1
Tweet, 'Congratulations to all of the \xe2\x80\x9dDEPLORABLES\xe2\x80\x9d and the millions of people who gave us a MASSIVE (304-227) Electoral Co\xe2\x80\xa6 https://t.co/cKVtPvEHO ',-1
Reply," '@realDonaldTrump Mr. Trump #POTUS #imo despite whatever Party anyone voted for, we are #citizens. Registered\xe2\x80\xa6 https://t.co/o9PNN4v84d'",-1
Reply," ""Women won BIG in this week's Virginia elections! Click here \xf0\x9f\x91\x89 https://t.co/e7nhXkLLG8 to meet more history-making w\xe2\x80\xa6 https://t.co/NTlS0vncUp""",-1
Reply," 'RT @HRC: Meet the #transgender Americans who won on #ElectionDay:\n\xf0\x9f\x97\xb3\xef\xb8\x8f Andrea Jenkins, Minnesota\n\xf0\x9f\x97\xb3\xef\xb8\x8f Danica Roem, Virginia\n\xf0\x9f\x97\xb3\xef\xb8\x8f Gerri Cannon, Ne\xe2\x80\xa6'",-1
Reply, 'RT @CaptainsLog2017: #DougJonesForSenate #NoMoore #ElectionDay #RightSideOfHistory\n \nGuess what GOP\n\nVirginia was only the beginning of you\xe2\x80\xa6',-1
Reply," 'RT @HRC: Meet the #transgender Americans who won on #ElectionDay:\n\xf0\x9f\x97\xb3\xef\xb8\x8f Andrea Jenkins, Minnesota\n\xf0\x9f\x97\xb3\xef\xb8\x8f Danica Roem, Virginia\n\xf0\x9f\x97\xb3\xef\xb8\x8f Gerri Cannon, Ne\xe2\x80\xa6'",-1
Reply," 'RT @HRC: Meet the #transgender Americans who won on #ElectionDay:\n\xf0\x9f\x97\xb3\xef\xb8\x8f Andrea Jenkins, Minnesota\n\xf0\x9f\x97\xb3\xef\xb8\x8f Danica Roem, Virginia\n\xf0\x9f\x97\xb3\xef\xb8\x8f Gerri Cannon, Ne\xe2\x80\xa6'",-1
Reply, 'RT @Neubadah: More evidence that this nation would be lost without women.\n\nExit polls from Virginia #ElectionDay:\nMen: 45% Northam | 53% Gi\xe2\x80\xa6',-1
Reply," ""RT @4everNeverTrump: Reality: yesterday's #ElectionDay was a referendum on Trump and the GOP's policies. They lost.\n\nGOP: let's double down\xe2\x80\xa6""",-1
Reply, 'RT @tarapalmeri: Two sources close to Bannon say he offered to rally for Gillespie but the campaign rejected it #electionday Bannon camp fu\xe2\x80\xa6',-1
Reply," 'RT @HRC: Meet the #transgender Americans who won on #ElectionDay:\n\xf0\x9f\x97\xb3\xef\xb8\x8f Andrea Jenkins, Minnesota\n\xf0\x9f\x97\xb3\xef\xb8\x8f Danica Roem, Virginia\n\xf0\x9f\x97\xb3\xef\xb8\x8f Gerri Cannon, Ne\xe2\x80\xa6'",-1
Reply," 'RT @HRC: Meet the #transgender Americans who won on #ElectionDay:\n\xf0\x9f\x97\xb3\xef\xb8\x8f Andrea Jenkins, Minnesota\n\xf0\x9f\x97\xb3\xef\xb8\x8f Danica Roem, Virginia\n\xf0\x9f\x97\xb3\xef\xb8\x8f Gerri Cannon, Ne\xe2\x80\xa6'",-1
Reply, 'RT @HRC: At least six out transgender people were elected to office on #ElectionDay. https://t.co/HVg0x2F3RE',-1
Tweet," 'The historic wins across the country last night for women, members of the LGBTQ community, people of color, and Ame\xe2\x80\xa6 https://t.co/ok969svDDd'",-1
Reply, '@KamalaHarris What a dynamic night! The voters have spoken. \xf0\x9f\x92\x83\xf0\x9f\x92\x83\n#Diversity \xf0\x9f\x91\xb3\xf0\x9f\x91\xa7\n#ElectionDay https://t.co/qOEYjQyWO6',-1
Tweet," 'We\xe2\x80\x99ve been saying that #TaxReform will result in more jobs and bigger paychecks. And now, AT&amp;T is pledging to inves\xe2\x80\xa6 https://t.co/qB3peYs0MA'",-1
Reply," ""@SpeakerRyan They already invested that during Obama's tenure. Sorry Paul. You got caught lying again. You don't ge\xe2\x80\xa6 https://t.co/SRZA8VqXLo""",-1
Tweet, 'Nov 8 has been a horrible day for me since 2013! 11.8.16 results reinforced what I already knew about diffs in\xe2\x80\xa6 https://t.co/KIytLpV3bR',-1
Reply," '11.8.17 #ElectionDay, restored my faith in humanity.To see ALL the #diversity &amp; 1st in the elections results, in spite of DTs divisiveness\xf0\x9f\x99\x8c\xf0\x9f\x8f\xbe'",-1
Tweet, '#ThankYouHillary for losing and allowing a lifetime of memes to come out of your loss.',-1
Reply, '@Rambobiggs #ElectionDay \n\nMAGAt Fine Arts https://t.co/b9QkBCT3iw',-1
Tweet, 'This is a great night for our country.',-1
Reply, '@ossoff \xf0\x9f\x91\x86\xf0\x9f\x91\x8dNot 4 #Dotard #TraitorTrump who is having sleepless nights with #Mueller breathing down his neck on 1 sid\xe2\x80\xa6 https://t.co/EAYvZntGoQ',-1
Tweet," 'Canvass process started this morning across the state, with local Boards of Election reviewing everything done on E\xe2\x80\xa6 https://t.co/JOA7TOFxcN'",-1
Reply, '@vaELECT The huge effort to distribute fraudulent voter info must be investigated!!\n#ElectionDay \n#Election2017',-1
Tweet, 'At least six out transgender people were elected to office on #ElectionDay. https://t.co/HVg0x2F3RE',-1
Reply," ""@HRC Congratulations to all of You!\xe2\x9d\xa4\xef\xb8\x8f\xf0\x9f\x87\xba\xf0\x9f\x87\xb8\xe2\x9d\xa4\xef\xb8\x8f\xf0\x9f\x8f\xb3\xef\xb8\x8f\xe2\x80\x8d\xf0\x9f\x8c\x88 It's wonderful to have diversity!\xf0\x9f\x98\x81\n#ElectionDay""",-1
Tweet," 'That\xe2\x80\x99s why the left is so opposed to voter ID, cuts down their chances dramatically. https://t.co/K33A9o4CIP'",-1
Reply," ""@jimdwrench #VoterID is but one component of #ElectionReform.  If #TheLeftHatesAmerica can't accept this basic\xe2\x80\xa6 https://t.co/dCU45IqU0o""",-1
Tweet," ""@GroverNorquist Passing that middle class tax hike will guarantee something, but it's not GOP victories.  Whatever\xe2\x80\xa6 https://t.co/f1izo6vwJR""",-1
Reply," ""@jkbrownn @GroverNorquist Those who don't learn from history are doomed to be swamped by it... #ElectionDay\xe2\x80\xa6 https://t.co/S2UDosU5X2""",-1
Reply," ""Women won BIG in this week's Virginia elections! Click here \xf0\x9f\x91\x89 https://t.co/e7nhXkLLG8 to meet more history-making w\xe2\x80\xa6 https://t.co/NTlS0vncUp""",-1
Tweet, '@IRdotnet @realDonaldTrump I notice Trump didn\xe2\x80\x99t say \xe2\x80\x9cPopular Vote\xe2\x80\x9d.  That\xe2\x80\x99s because he lost the popular vote',-1
Reply, '@EdKrassen @IRdotnet @realDonaldTrump Love you America #ElectionDay \xf0\x9f\x8d\xbf',-1
Tweet," '@BernieSanders Come on @SenSanders , you got squeezed out of your own primary and played for a fool then stood by t\xe2\x80\xa6 https://t.co/PLVjbkHkR0'",-1
Reply," ""@ColumbusOHBail @BernieSanders @SenSanders That's not .@SenSanders, just someone on his staff. Not smart enough to\xe2\x80\xa6 https://t.co/324BojkWd2""",-1
Tweet," 'Bernie: Yesterday was a referendum on President Trump, and he lost badly. It\xe2\x80\x99s clear the American people are deepl\xe2\x80\xa6 https://t.co/cpQ5hh1bj5'",-1
Reply," '@BernieBras Shame for .@SenSanders .@BernieSanders ""staff"" to have taken over tweets; in zeal to zing #POTUS Trump\xe2\x80\xa6 https://t.co/SOvy6IsmyN'",-1
Tweet, '&amp; 1st Black Woman elected Mayor of Charlotte &amp; 1st refugee Asian Woman elected to Virginia..many 1st for Women here! https://t.co/h7onmJmcla',-1
Reply, '&amp; Andrea Jenkins now the first openly trans woman of colour elected to the city council of a major U.S. city. Congr\xe2\x80\xa6 https://t.co/RUQYhviJeQ',-1
Reply," ""Women won BIG in this week's Virginia elections! Click here \xf0\x9f\x91\x89 https://t.co/e7nhXkLLG8 to meet more history-making w\xe2\x80\xa6 https://t.co/NTlS0vncUp""",-1
Tweet, 'Trump pledged to deport #badhombres from the country. #electionday #oneyearlater',-1
Reply, 'We worked with @NYGovCuomo to limit collaboration between law enforcement &amp; immigration agencies. #electionday\xe2\x80\xa6 https://t.co/HSnEGXu93V',-1
Tweet," 'John Bussey on #ElectionDay: ""In both Virginia and in New Jersey, a majority are unhappy with the president\'s perfo\xe2\x80\xa6 https://t.co/kBIptfaZXi'",-1
Reply, '@FoxNews @ShepNewsTeam YA THINK!!! #Election2017 #ElectionDay was a TOTAL REPUDIATION OF TRUMP &amp; #GOPJesus! AMEN TO THAT!',-1
Tweet," 'One year ago, @HillaryClinton became the first woman ever to win the popular vote. Today, in honor of that legacy,\xe2\x80\xa6 https://t.co/bVBXkZwb9m'",-1
Reply, '@nastywomenserve @HillaryClinton Last nite #ElectionDay #NJGov #VAGov #TransFolksCanWin #BlueWave https://t.co/c4mfWpoY1O',-1
Tweet," 'Grab your Cheetos and favorite nasty women, cause this Impeachment Party is going to be HUUUGGGGEE. https://t.co/hi0BHFMn6Y'",-1
Reply," ""Last year's #ElectionDay party didn't quite go as planned. Here are some ideas for the next one. \n\nPS. #ThankYouHillary""",-1
Tweet, 'I\xef\xb8\x8f voted! Did you?#durhamvotes #bullcity #civicduty https://t.co/VwFCrpBU4O',-1
Reply, '@kellygelinne Yes! Voted in #raleigh #electionday \xf0\x9f\x98\x84',-1
Tweet, 'The President is literally the Prom King reminding people how cool his Senior Year of high school was after failing\xe2\x80\xa6 https://t.co/Md43Peau7c',-1
Reply," '#ElectionDay is really just the start. Now that the illusion of momentum is gone from the Trump camp, GOP members c\xe2\x80\xa6 https://t.co/fpL1hliC3P'",-1
Tweet," ""#GIVEAWAY Don't forget to plan what snacks to bring to the polls today. What's your @wehonchos flavor #vote?\xe2\x80\xa6 https://t.co/hFR3KQXrUl""",-1
Reply, '@wehonchos Nacho Cheese! #takebackyoursnack #ElectionDay',-1
Reply," ""Women won BIG in this week's Virginia elections! Click here \xf0\x9f\x91\x89 https://t.co/e7nhXkLLG8 to meet more history-making w\xe2\x80\xa6 https://t.co/NTlS0vncUp""",-1
Reply," 'RT @HRC: Meet the #transgender Americans who won on #ElectionDay:\n\xf0\x9f\x97\xb3\xef\xb8\x8f Andrea Jenkins, Minnesota\n\xf0\x9f\x97\xb3\xef\xb8\x8f Danica Roem, Virginia\n\xf0\x9f\x97\xb3\xef\xb8\x8f Gerri Cannon, Ne\xe2\x80\xa6'",-1
Reply, 'RT @CaptainsLog2017: #DougJonesForSenate #NoMoore #ElectionDay #RightSideOfHistory\n \nGuess what GOP\n\nVirginia was only the beginning of you\xe2\x80\xa6',-1
Reply," 'RT @HRC: Meet the #transgender Americans who won on #ElectionDay:\n\xf0\x9f\x97\xb3\xef\xb8\x8f Andrea Jenkins, Minnesota\n\xf0\x9f\x97\xb3\xef\xb8\x8f Danica Roem, Virginia\n\xf0\x9f\x97\xb3\xef\xb8\x8f Gerri Cannon, Ne\xe2\x80\xa6'",-1
Tweet," ""#ElectionDay results included New Jersey's first-ever Sikh mayor, @RaviBhalla, in Hoboken https://t.co/t6A7B9UWEt""",-1
Reply," ""@RaviBhalla Many are moved by @ChrisHurstVA's #ElectionDay win in Virginia. #VAElection https://t.co/vCo51lAQVL""",-1
Tweet," '.@TomPerez: What the people are telling us is \xe2\x80\x9cI\xe2\x80\x99m fed up with the division, I want someone I can be proud of\xe2\x80\x9d https://t.co/bOy5NWhSqC'",-1
Reply," ""@BrookeBCNN @TomPerez I AGREE with Tom Perez.\nTrump doesn't act NORMAL.\nNOT LIKE A PRESIDENT.\nPeople here in Virgin\xe2\x80\xa6 https://t.co/xBNagfWvR0""",-1
Tweet," ""I'd vote for this person for President in 2020. \n\nI don't yet know everything about her that I want to, but I sure\xe2\x80\xa6 https://t.co/lQHHrgJmZj""",-1
Reply," ""@Stonekettle She's good people.  Has her eye on the ball and I'd vote for her in a heartbeat!  #kamalaharris #ElectionDay""",-1
Tweet," 'One other thing we learned tonight:\nthe Democrats have their shit together, \nthe media and pundits do not.'",-1
Reply," ""@Amy_Siskind Yesterday was a\xe2\x9c\x8c4 Dems. People brought #TheResistance to ballot box &amp; showed whom they support. It's a\xe2\x80\xa6 https://t.co/HqBHVaQ01W""",-1
Reply," ""Women won BIG in this week's Virginia elections! Click here \xf0\x9f\x91\x89 https://t.co/e7nhXkLLG8 to meet more history-making w\xe2\x80\xa6 https://t.co/NTlS0vncUp""",-1
Tweet," 'Last night, history was made as three #transgender officials were elected! Meet them here &gt;&gt; https://t.co/Hxa4cFneEM'",-1
Reply," ""#ElectionDay results included New Jersey's first-ever Sikh mayor, @RaviBhalla, in Hoboken https://t.co/t6A7B9UWEt""",-1
Tweet," 'WATCH: One year ago, @realDonaldTrump was elected president of the United States. https://t.co/siA0Xuf21G'",-1
Reply, '@FoxNews @realDonaldTrump Do your reporters know there was another #ElectionDay yesterday?',-1
Tweet, 'Perspective: Voters repudiate not just Trump but the white supremacist hatred of Charlottesville https://t.co/7rXtl6uXZH',-1
Reply," ""@washingtonpost We've elected women, minorities, immigrants, transgender individuals on this #ElectionDay \n\nGreat victory!""",-1
Tweet, '@realDonaldTrump Are Democrats making a comeback?',-1
Reply, '@TheTylt @realDonaldTrump Looks like your poll ain\xe2\x80\x99t breaking your way either. Democratic shitstorm is in the forec\xe2\x80\xa6 https://t.co/RelxYGnvu5',-1
Tweet," 'This September, Trump fulfilled a campaign promise by ending #DACA - without compassion or remorse. #electionday #oneyearlater'",-1
Reply," ""This fall, we fought back - with rallies, civil disobedience, legal services and more. We're demanding a clean\xe2\x80\xa6 https://t.co/lgi7oS7Weu""",-1
Tweet, 'Great meeting with Nevada Center of Excellence in Disabilities (NCED) to learn about the programs they offer to\xe2\x80\xa6 https://t.co/uV1YeU2B06',-1
Reply, '@SenDeanHeller Did YOU NOTE #ElectionDay yesterday \xe2\x9d\x93BYE ASSHO #2018 #HellerSucks',-1
Tweet," 'In the NJ race, Republican @KimGuadagnoNJ\xe2\x80\x99s Willie Horton-style ad accused her Democratic opponent Phil Murphy of w\xe2\x80\xa6 https://t.co/zrFb9vVtQz'",-1
Reply," 'In the Hoboken, NJ mayoral race, anonymous flyers calling Ravi Bhalla a terrorist were placed on doorsteps and car\xe2\x80\xa6 https://t.co/lKfXlp7vfK'",-1
Tweet," ""10,000 women have raised their hands since last year's election &amp; signed up with @VoteRunLead to run for office!\xe2\x80\xa6 https://t.co/WqMWVxEU5U""",-1
Reply, '#ElectionDay',-1
Tweet," 'I realise #ElectionDay is over so I wouldn\xe2\x80\x99t know if the hashtag #ElectionNight has its own emoji yesterday, theref\xe2\x80\xa6 https://t.co/0apdGqwdFx'",-1
Reply," '@Twitter Well, #ElectionDay has an emoji and #ElectionNight does not. Now I know.'",-1
Tweet, 'Excellent article worth a read cc @EternalRiteWing @Politicallyin18 @lbrot1 @Txwench @shelliecorreia\xe2\x80\xa6 https://t.co/Rd3efF9hS9',-1
Reply, '@airavatvolvo @Politicallyin18 @lbrot1 @Txwench @shelliecorreia @KAFosterSowell @colleencpa @JerzyLuv2A\xe2\x80\xa6 https://t.co/mpvsSLTOKX',-1
Tweet, 'Scientists Are Implanting Tiny Human Brains Into Rats - 34 Hr Emergency Broadcast  - https://t.co/BWTemdEAqx #AlexJonesShow #ThankYouHillary',-1
Reply, '@infowars Are they getting the tiny brains from little @PrisonPlanet and @RealAlexJones clones? #MAGA #Resist\xe2\x80\xa6 https://t.co/QdjpMJWZdj',-1
Tweet, '@HuffPost @blackvoices @popdemoc That\xe2\x80\x99s how we claim ownership of our democracy and achieve our collective freedom.\xe2\x80\xa6 https://t.co/VFTmSxQyEo',-1
Reply," ""@HuffPost @blackvoices @popdemoc And that is what we saw the beginning of this #ElectionDay\n\nLet's keep fighting""",-1
Tweet," '@HuffPost @blackvoices This is our goal at @popdemoc. Alongside our 49 affiliates across 39 states, we are here to\xe2\x80\xa6 https://t.co/XzSrgBPMOY'",-1
Reply, '@HuffPost @blackvoices @popdemoc That\xe2\x80\x99s how we claim ownership of our democracy and achieve our collective freedom.\xe2\x80\xa6 https://t.co/VFTmSxQyEo',-1
Tweet," ""What's that weird feeling I'm having that seems so unfamiliar? Oh right - HOPE.""",-1
Reply," ""@billyeichner Not even gonna lie. Ever since the day after 2016's #ElectionDay I've been sad at the direction this\xe2\x80\xa6 https://t.co/UkGjIZHBCo""",-1
Tweet," '@HuffPost @blackvoices Despite this historic activism, it is now time to turn our attention into contesting for pow\xe2\x80\xa6 https://t.co/AoqzPxsDQK'",-1
Reply," '@HuffPost @blackvoices This is our goal at @popdemoc. Alongside our 49 affiliates across 39 states, we are here to\xe2\x80\xa6 https://t.co/XzSrgBPMOY'",-1
Tweet," '4. I say ""in theory"" because, as discussed in the SOURCED THREAD below, elected officials generally BLOCK any sort\xe2\x80\xa6 https://t.co/tRCMdrR5Aw'",-1
Reply, '@jennycohn1 THIS IS A GREAT THREAD. Thanks for helping people realize that OPTISCAMS are still a form of GOP RIGGIN\xe2\x80\xa6 https://t.co/QoCGIXOcfs',-1
Tweet," '@HuffPost @blackvoices And they are able to do so because of POC and women activists, who have been doing this work\xe2\x80\xa6 https://t.co/57Fkxl9K6d'",-1
Reply," '@HuffPost @blackvoices Despite this historic activism, it is now time to turn our attention into contesting for pow\xe2\x80\xa6 https://t.co/AoqzPxsDQK'",-1
Tweet, '@HuffPost @blackvoices People who have never been politically involved before are taking to the streets to protect\xe2\x80\xa6 https://t.co/eDCstYuC1D',-1
Reply," '@HuffPost @blackvoices And they are able to do so because of POC and women activists, who have been doing this work\xe2\x80\xa6 https://t.co/57Fkxl9K6d'",-1
Tweet," '@HuffPost @blackvoices But at the same time, we have fought. We have fought like hell.\n\nWe\xe2\x80\x99ve stepped up, marched,\xe2\x80\xa6 https://t.co/CZjaQBB5wf'",-1
Reply, '@HuffPost @blackvoices People who have never been politically involved before are taking to the streets to protect\xe2\x80\xa6 https://t.co/eDCstYuC1D',-1
Tweet, '@HuffPost @blackvoices It\xe2\x80\x99s more clear than ever that our most important work is to protect our democracy by fighti\xe2\x80\xa6 https://t.co/zW6op1tCiR',-1
Reply," '@HuffPost @blackvoices But at the same time, we have fought. We have fought like hell.\n\nWe\xe2\x80\x99ve stepped up, marched,\xe2\x80\xa6 https://t.co/CZjaQBB5wf'",-1
Tweet," '@HuffPost @blackvoices Our country says it has no money for education, but spends $600 billion a year on its military budget\n\n#ElectionDay'",-1
Reply, '@HuffPost @blackvoices It\xe2\x80\x99s more clear than ever that our most important work is to protect our democracy by fighti\xe2\x80\xa6 https://t.co/zW6op1tCiR',-1
Tweet, '@HuffPost @blackvoices Our country is more upset about silent peaceful protest than police murdering unarmed citizens\n\n#ElectionDay',-1
Reply," '@HuffPost @blackvoices Our country says it has no money for education, but spends $600 billion a year on its military budget\n\n#ElectionDay'",-1
Tweet," '@HuffPost @blackvoices Our country leaves Americans in #PuertoRico, the US Virgin Islands, Texas, and Florida to di\xe2\x80\xa6 https://t.co/lRs2GAdIEX'",-1
Reply, '@HuffPost @blackvoices Our country is more upset about silent peaceful protest than police murdering unarmed citizens\n\n#ElectionDay',-1
Tweet, '@HuffPost @blackvoices Our country bans those fleeing poverty and persecution from entering simply due to their religion\n\n#ElectionDay',-1
Reply," '@HuffPost @blackvoices Our country leaves Americans in #PuertoRico, the US Virgin Islands, Texas, and Florida to di\xe2\x80\xa6 https://t.co/lRs2GAdIEX'",-1
Tweet, '@HuffPost @blackvoices Our country rips a 10-year-old child away from her parents right after surgery\n\n#ElectionDay',-1
Reply, '@HuffPost @blackvoices Our country bans those fleeing poverty and persecution from entering simply due to their religion\n\n#ElectionDay',-1
Tweet, '@HuffPost @blackvoices I\xe2\x80\x99ve wrestled with what our country has become as I\xe2\x80\x99m sure many of you have.\n\n#ElectionDay',-1
Reply, '@HuffPost @blackvoices Our country rips a 10-year-old child away from her parents right after surgery\n\n#ElectionDay',-1
Tweet," '@HuffPost @blackvoices This day last year was a national nightmare, and now our freedoms are under attack \nevery. s\xe2\x80\xa6 https://t.co/T3123vP4We'",-1
Reply, '@HuffPost @blackvoices I\xe2\x80\x99ve wrestled with what our country has become as I\xe2\x80\x99m sure many of you have.\n\n#ElectionDay',-1
Tweet," 'Pleased to share my new piece for @HuffPost @BlackVoices\n""A year after the election: Fighting for the\xe2\x80\xa6 https://t.co/DbIwsYuTMy'",-1
Reply," '@HuffPost @blackvoices This day last year was a national nightmare, and now our freedoms are under attack \nevery. s\xe2\x80\xa6 https://t.co/T3123vP4We'",-1
Tweet," ""Wow. On Fox News website, not one story about yesterday's election. (Plenty about 2016 election though.) Only menti\xe2\x80\xa6 https://t.co/NzSYdvfovn""",-1
Reply, '@kurteichenwald @VicStoddard Journalists working for #FoxNews have lost their credibility but maybe salvage some of\xe2\x80\xa6 https://t.co/Ej0oMHjHyj',-1
Tweet," '.@FrankSharry: ""Gillespie and the VA GOP made a deliberate decision to conduct their campaign using the racist rhet\xe2\x80\xa6 https://t.co/Rb9V8Z8Pxr'",-1
Reply, '@FrankSharry \xe2\x80\x9cThe punditry was prepared to write the story of how immig issues were the reasons Democrats lost\xe2\x80\x94or l\xe2\x80\xa6 https://t.co/Jxp4ihehUM',-1
Tweet, '@PatSaitoWard9 Obstruction @CAOpeel #WhatWeHeard #Khadr #IOM #Mississauga #ODSP #PeelRegion @iamIqraKhalid #M103\xe2\x80\xa6 https://t.co/XhwcY3uWBV',-1
Reply, 'PR #HR Debate Color Blind Carding #CNIB ICU #ERRE O #KKK #OOlive #Mississauga #PatSaito Ward9 #citycouncil #ClaytonBigsby #MAGA #electionday',-1
Tweet, 'US #Election2016 November 8. Morning of Nov. 9 after a long night as #commentator for the Voice of #Israel - all ni\xe2\x80\xa6 https://t.co/AdA5h4YHrk',-1
Reply, '@michaelharrisdr @rbinyamini @EranCicurel @LouDobbs @edhenry Well worth all our efforts \xf0\x9f\x99\x8c\xf0\x9f\x8f\xbb#ElectionDay \nHappy anniv\xe2\x80\xa6 https://t.co/jf0yXnZ22q',-1
Tweet," 'RT @cmclymer: Once again, black women save the Democratic Party. For the millionth time. We would do well to amplify them in (1/2)'",-1
Reply, '@cmclymer positions of leadership. They get shit done.  \n\n#ElectionDay https://t.co/maDCdzOzQ4 (2/2)',-1
Tweet," 'DEMOCRATS AND PROGRESSIVES WIN BY EMBRACING THEIR ICONS, NOT BY TEARING THEM DOWN.\n#ThankYouHillary\n#ThankYouObama https://t.co/ZWRFKXfHul'",-1
Reply," '@peterdaou Seriously. Point to ONE tactical thing Hillary OR Obama did for last night\'s #ElectionDay to earn a ""Thank you"".'",-1
Tweet, 'I\xe2\x80\x99ll be posting more throughout the day.',-1
Reply, '@DonaldJTrumpJr Latest Fraud @DNC New #ElectionDay SuperDelegates: Restored Felony Voters....https://t.co/cVFsXK67zL',-1
Tweet, 'Happy birthday to this future president. https://t.co/JT3HiBjYdj',-1
Reply, '@HillaryClinton Have a very happy anniversary of your almost presidency! @HillaryClinton #PragerFORCE #ElectionDay #ThePresidency #SoClose',-1
Tweet," 'Ed Gillespie worked hard but did not embrace me or what I stand for. Don\xe2\x80\x99t forget, Republicans won 4 out of 4 House\xe2\x80\xa6 https://t.co/HODixMtPNw'",-1
Reply, '@realDonaldTrump 4 out of 4 VA House seats makes it sound like GOP got 100%.  Dems flipped over 1 doz seats #FACTS\xe2\x80\xa6 https://t.co/kgUMMfXZk9',-1
Reply," ""Women won BIG in this week's Virginia elections! Click here \xf0\x9f\x91\x89 https://t.co/e7nhXkLLG8 to meet more history-making w\xe2\x80\xa6 https://t.co/NTlS0vncUp""",-1
Reply," 'RT @HRC: Meet the #transgender Americans who won on #ElectionDay:\n\xf0\x9f\x97\xb3\xef\xb8\x8f Andrea Jenkins, Minnesota\n\xf0\x9f\x97\xb3\xef\xb8\x8f Danica Roem, Virginia\n\xf0\x9f\x97\xb3\xef\xb8\x8f Gerri Cannon, Ne\xe2\x80\xa6'",-1
Reply, 'RT @CaptainsLog2017: #DougJonesForSenate #NoMoore #ElectionDay #RightSideOfHistory\n \nGuess what GOP\n\nVirginia was only the beginning of you\xe2\x80\xa6',-1
Reply," 'RT @HRC: Meet the #transgender Americans who won on #ElectionDay:\n\xf0\x9f\x97\xb3\xef\xb8\x8f Andrea Jenkins, Minnesota\n\xf0\x9f\x97\xb3\xef\xb8\x8f Danica Roem, Virginia\n\xf0\x9f\x97\xb3\xef\xb8\x8f Gerri Cannon, Ne\xe2\x80\xa6'",-1
Reply," 'RT @HRC: Meet the #transgender Americans who won on #ElectionDay:\n\xf0\x9f\x97\xb3\xef\xb8\x8f Andrea Jenkins, Minnesota\n\xf0\x9f\x97\xb3\xef\xb8\x8f Danica Roem, Virginia\n\xf0\x9f\x97\xb3\xef\xb8\x8f Gerri Cannon, Ne\xe2\x80\xa6'",-1
Reply, 'RT @Neubadah: More evidence that this nation would be lost without women.\n\nExit polls from Virginia #ElectionDay:\nMen: 45% Northam | 53% Gi\xe2\x80\xa6',-1
Reply," ""RT @4everNeverTrump: Reality: yesterday's #ElectionDay was a referendum on Trump and the GOP's policies. They lost.\n\nGOP: let's double down\xe2\x80\xa6""",-1
Reply, 'RT @tarapalmeri: Two sources close to Bannon say he offered to rally for Gillespie but the campaign rejected it #electionday Bannon camp fu\xe2\x80\xa6',-1
Reply," 'RT @HRC: Meet the #transgender Americans who won on #ElectionDay:\n\xf0\x9f\x97\xb3\xef\xb8\x8f Andrea Jenkins, Minnesota\n\xf0\x9f\x97\xb3\xef\xb8\x8f Danica Roem, Virginia\n\xf0\x9f\x97\xb3\xef\xb8\x8f Gerri Cannon, Ne\xe2\x80\xa6'",-1
Reply," 'RT @HRC: Meet the #transgender Americans who won on #ElectionDay:\n\xf0\x9f\x97\xb3\xef\xb8\x8f Andrea Jenkins, Minnesota\n\xf0\x9f\x97\xb3\xef\xb8\x8f Danica Roem, Virginia\n\xf0\x9f\x97\xb3\xef\xb8\x8f Gerri Cannon, Ne\xe2\x80\xa6'",-1
Reply, 'RT @HRC: At least six out transgender people were elected to office on #ElectionDay. https://t.co/HVg0x2F3RE',-1
Reply," 'RT @HRC: Meet the #transgender Americans who won on #ElectionDay:\n\xf0\x9f\x97\xb3\xef\xb8\x8f Andrea Jenkins, Minnesota\n\xf0\x9f\x97\xb3\xef\xb8\x8f Danica Roem, Virginia\n\xf0\x9f\x97\xb3\xef\xb8\x8f Gerri Cannon, Ne\xe2\x80\xa6'",-1
Reply, 'RT @Garrett_Love: Lauren went to the polls for the first time on #electionday yesterday. She was a little upset when her big sister Abby to\xe2\x80\xa6',-1
Reply," 'RT @exoticgamora: #ElectionDay\n\nGet out and vote today\n\nVirginia results could forecast 2018 results\n\nIf you want change, make it happen ht\xe2\x80\xa6'",-1
Reply, 'RT @OurPresidents: President Eisenhower casts his ballot in the 1956 election. #ElectionDay \xf0\x9f\x93\xb8@IkeLibrary: https://t.co/dd69eRkKKX https://t\xe2\x80\xa6',-1
Reply," ""RT @KnopfBFYR: Every #ElectionDay is momentous\xe2\x80\x94this 100th anniversary of women's suffrage even more so. Treat yourself to a book after you\xe2\x80\xa6""",-1
Reply, 'RT @samwhiteout: This. This. This.\n#ElectionDay\n#BlackWomenSave https://t.co/o2Tk15I3qL',-1
Reply," 'RT @atima_omara: Virginia Statewide Election vote by gender and race. Once again, Black women brought it home for Dems #ElectionDay #gameon\xe2\x80\xa6'",-1
Reply, 'RT @Breznican: #ElectionDay \nVirginia\nRalph Northam\nPhil Murphy\nDanica Roem\nLet this give us hope.\nLet this be a harbinger for 2018. https:\xe2\x80\xa6',-1
Reply, 'RT @Neubadah: More evidence that this nation would be lost without women.\n\nExit polls from Virginia #ElectionDay:\nMen: 45% Northam | 53% Gi\xe2\x80\xa6',-1
Reply," 'RT @RealRoseTaylor1: I will never forget the epic #ElectionDay of 2016 been one year, here is to 7 more!  you @POTUS https:/\xe2\x80\xa6'",-1
Reply," 'Hey fans of radio, news, Facebook, and twitter. If you donate a baseline amount to https://t.co/wHUftgn6gW, you can\xe2\x80\xa6 https://t.co/YeMCqq7cTy'",-1
Reply," 'RT @GeoffMiami: #ElectionDay should be a holiday,  celebrated like the 4th of July or Super Bowl! We would have more ppl involved in the po\xe2\x80\xa6'",-1
Reply," '@davidfrum #TaxCuts: a #panacea for #Everything: #debt, #Growth, #Winning #ElectionDay, #herpes, #HIV, #worldhunger\xe2\x80\xa6 https://t.co/qZGkn8664v'",-1
Reply," 'RT @HRC: Meet the #transgender Americans who won on #ElectionDay:\n\xf0\x9f\x97\xb3\xef\xb8\x8f Andrea Jenkins, Minnesota\n\xf0\x9f\x97\xb3\xef\xb8\x8f Danica Roem, Virginia\n\xf0\x9f\x97\xb3\xef\xb8\x8f Gerri Cannon, Ne\xe2\x80\xa6'",-1
Reply," 'RT @ajplus: 4 more politicians who broke barriers on #ElectionDay:\n\xe2\x80\xa2Andrea Jenkins, first openly trans WOC in Minneapolis City Council\n\xe2\x80\xa2Vi\xe2\x80\xa6'",-1
Reply, 'RT @Neubadah: More evidence that this nation would be lost without women.\n\nExit polls from Virginia #ElectionDay:\nMen: 45% Northam | 53% Gi\xe2\x80\xa6',-1
Reply, 'RT @samwhiteout: This. This. This.\n#ElectionDay\n#BlackWomenSave https://t.co/o2Tk15I3qL',-1
Reply," 'RT @HRC: Meet the #transgender Americans who won on #ElectionDay:\n\xf0\x9f\x97\xb3\xef\xb8\x8f Andrea Jenkins, Minnesota\n\xf0\x9f\x97\xb3\xef\xb8\x8f Danica Roem, Virginia\n\xf0\x9f\x97\xb3\xef\xb8\x8f Gerri Cannon, Ne\xe2\x80\xa6'",-1
Reply, 'RT @MrFilmkritik: #ElectionDay coverage\n\nCNN: Big night for Democrats!\n\nMSNBC: Big night for Democrats!\n\nFox News: https://t.co/c4bS9ki126',-1
Reply," 'RT @HRC: Meet the #transgender Americans who won on #ElectionDay:\n\xf0\x9f\x97\xb3\xef\xb8\x8f Andrea Jenkins, Minnesota\n\xf0\x9f\x97\xb3\xef\xb8\x8f Danica Roem, Virginia\n\xf0\x9f\x97\xb3\xef\xb8\x8f Gerri Cannon, Ne\xe2\x80\xa6'",-1
Reply," 'RT @SylvesterTurner: All smiles! Houston votes YES \xe2\x9c\x85 on   better parks, libraries, improvements to police &amp; fire stations! #ElectionDay #Ho\xe2\x80\xa6'",-1
Reply," 'RT @HRC: Meet the #transgender Americans who won on #ElectionDay:\n\xf0\x9f\x97\xb3\xef\xb8\x8f Andrea Jenkins, Minnesota\n\xf0\x9f\x97\xb3\xef\xb8\x8f Danica Roem, Virginia\n\xf0\x9f\x97\xb3\xef\xb8\x8f Gerri Cannon, Ne\xe2\x80\xa6'",-1
Reply," 'RT @RealRoseTaylor1: I will never forget the epic #ElectionDay of 2016\n\n\xf0\x9f\x87\xba\xf0\x9f\x87\xb8It\xe2\x80\x99s been one year, here is to 7 more! \n\nWe \xe2\x9d\xa4\xef\xb8\x8f you @POTUS https:/\xe2\x80\xa6'",-1
Reply," ""RT @timmthelen: Even @KellyannePolls can't spin the #GOP's trouncing on #ElectionDay\nTime to find your next swamp, hon. https://t.co/qi5fJ8\xe2\x80\xa6""",-1
Reply," 'RT @HRC: Meet the #transgender Americans who won on #ElectionDay:\n\xf0\x9f\x97\xb3\xef\xb8\x8f Andrea Jenkins, Minnesota\n\xf0\x9f\x97\xb3\xef\xb8\x8f Danica Roem, Virginia\n\xf0\x9f\x97\xb3\xef\xb8\x8f Gerri Cannon, Ne\xe2\x80\xa6'",-1
Reply," 'RT @HRC: Meet the #transgender Americans who won on #ElectionDay:\n\xf0\x9f\x97\xb3\xef\xb8\x8f Andrea Jenkins, Minnesota\n\xf0\x9f\x97\xb3\xef\xb8\x8f Danica Roem, Virginia\n\xf0\x9f\x97\xb3\xef\xb8\x8f Gerri Cannon, Ne\xe2\x80\xa6'",-1
Reply," 'RT @HRC: Meet the #transgender Americans who won on #ElectionDay: Andrea Jenkins, Minnesota Danica Roem, Virginia Gerri Cannon'",-1
Reply, 'RT @TheAdvocateMag: Congratulations to @CunninghamMPLS! #ElectionDay https://t.co/7lXe9r9H2F',-1
Reply, 'RT @TheAdvocateMag: Congratulations to @CunninghamMPLS! #ElectionDay https://t.co/7lXe9r9H2F',-1
Reply, 'RT @Garrett_Love: Lauren went to the polls for the first time on #electionday yesterday. She was a little upset when her big sister Abby to\xe2\x80\xa6',-1
Reply," ""RT @RonPlacone: If there's one thing 2016 has taught me it's that voting out of fear is a failed strategy, just a thought. #ElectionDay""",-1
Reply, 'Now this is what my America looks like #ElectionDay #WeThePeople #changeiscoming \nhttps://t.co/MjfPodg5qU',-1
Reply," 'RT @TheEllenShow: We can\xe2\x80\x99t change the past, but we can change the future. Today. #ElectionDay https://t.co/n8yDNvz6lv'",-1
Reply," ""RT @4everNeverTrump: Reality: yesterday's #ElectionDay was a referendum on Trump and the GOP's policies. They lost.\n\nGOP: let's double down\xe2\x80\xa6""",-1
Reply, 'RT @gbmnyc: #TheResistance\n#ElectionDay\nYour vote MATTERS\nEVERY VOTE MATTERS\nIf you believe in liberty &amp; justice FOR ALL\n#VoteBlue #VoteDem\xe2\x80\xa6',-1
Reply, 'RT @TheAdvocateMag: Congratulations to @CunninghamMPLS! #ElectionDay https://t.co/7lXe9r9H2F',-1
Reply," ""RT @RonPlacone: If there's one thing 2016 has taught me it's that voting out of fear is a failed strategy, just a thought. #ElectionDay""",-1
Tweet," 'Another lefty telling @GOP not to pass the tax bill, it will destroy them! Good to have had @SRuhle on this morning\xe2\x80\xa6 https://t.co/UsMSR6KHsh'",-1
Reply," '@hughhewitt @GOP @SRuhle Here it comes, Hugh. Brace yourself, you did this==&gt; #StopTheNRA #Election2017 #ElectionDay https://t.co/hoUTWIb1mw'",-1
Tweet," 'It\xe2\x80\x99s a propaganda service, not a news network https://t.co/egwfRPRzdX'",-1
Reply," '@atrupar @mmfa You can add @politico to that list, poor #ElectionDay coverage'",-1
Tweet," ""Hannity doesn't appear to be planning to cover the Virginia election at all. This was it. It lasted 6 seconds. https://t.co/AnpvcicXMT""",-1
Reply, '@JuddLegum Is it my imagination or is @seanhannity turning a sympathetic shade of orange? #Election2017 #ElectionDay https://t.co/HEdVD0U8a8',-1
Reply," ""Women won BIG in this week's Virginia elections! Click here \xf0\x9f\x91\x89 https://t.co/e7nhXkLLG8 to meet more history-making w\xe2\x80\xa6 https://t.co/NTlS0vncUp""",-1
Tweet," ""Donald Trump was the big loser in Virginia | Analysis by CNN's Chris Cillizza https://t.co/UcUXajRlqE https://t.co/eaElF0tGRQ""",-1
Reply," '@CNN @ThreeTouchDowns Trump, the biggest loser\n#Virginia #ElectionDay \n\nOur thoughts and prayers for @Gop,\xe2\x80\xa6 https://t.co/se0iCijaqq'",-1
Reply," ""Women won BIG in this week's Virginia elections! Click here \xf0\x9f\x91\x89 https://t.co/e7nhXkLLG8 to meet more history-making w\xe2\x80\xa6 https://t.co/NTlS0vncUp""",-1
Tweet, '@Ellahbie @one4REALchange @AmirAminiMD @donnabrazile @MSNBC @HillaryClinton Between Trump and Clinton? Wow.',-1
Reply," '@matbreen @Ellahbie @AmirAminiMD @donnabrazile @MSNBC @HillaryClinton Yes, the lesser of two evils, @HillaryClinton\xe2\x80\xa6 https://t.co/c8AeJ7TmHy'",-1
Tweet," '1 week into his term, Trump tried to ban Muslims from entering the US. #oneyearlater #electionday'",-1
Reply," '1 day later, we rallied thousands at JFK and won a temporary stay on the #MuslimBan. #oneyearlater #electionday\xe2\x80\xa6 https://t.co/kX5hFk48l7'",-1
Tweet, 'Remember this vile ad when you head to the polls in Virginia. \n\nVote #EdGillespie - #ElectionDay https://t.co/WSLg6V0Dev',-1
Reply," '@BasedMonitored @helena1991a That was disgraceful, you have to be evil to race bait like this!! terrible evil comme\xe2\x80\xa6 https://t.co/T51msUbinh'",-1
Tweet," ""In a depressed former steel town in Pennsylvania, Donald Trump's supporters are energized by his bombast and his an\xe2\x80\xa6 https://t.co/67MlID0gBv""",-1
Reply, '@politico Haha still not reporting last nights blue wave? #ElectionDay pulling a FOX news huh?',-1
Tweet," 'Y\xe2\x80\x99all. My mother @ViLyles made history tonight. She is the FIRST EVER Black woman elected Mayor of Charlotte, NC! https://t.co/Acq5ZeVE2y'",-1
Reply, '@AishaThinker @ViLyles Right on Sweet Sister. #ElectionDay https://t.co/amLnoDLR6S',-1
Reply," ""Women won BIG in this week's Virginia elections! Click here \xf0\x9f\x91\x89 https://t.co/e7nhXkLLG8 to meet more history-making w\xe2\x80\xa6 https://t.co/NTlS0vncUp""",-1
Tweet," '""Yes, we can."" https://t.co/vhUDzFAMrL via (@nowthisnews)'",-1
Reply," '@thedailybeast @nowthisnews Yes, we did. #ElectionDay @RalphNortham'",-1
Tweet," '#TeamBhalla #FinishedStrong #HOBOKEN #SlammingTheDoorBehindYou #Election2017 ..... but, hey fuck you, Ravinder Bhal\xe2\x80\xa6 https://t.co/Nx2HUoxxwr'",-1
Reply," '#HD13 #ElectionDay #DanicaRoem  *..... It\xe2\x80\x99s getting more better, Danica Roem, also won..... https://t.co/KzSTSTURhh'",-1
Tweet," ""If you think progressive women are being elected everywhere tonight, just wait for 2018. You haven't seen anything yet. \n\n#ElectionDay""",-1
Reply," ""@cmclymer You're tooting your horn because you won in places you were supposed to win on #ElectionDay, against swam\xe2\x80\xa6 https://t.co/rQK2gDPxBu""",-1
Tweet, 'Vote @MIBales for @HuntersvilleGOV Town Commissioner! #ElectionDay',-1
Reply, '@MIBales Very proud of my wife @MIBales!  Number 1 overall! Huntersville Town Commissioner #ElectionDay',-1
Tweet," ""OK Friends.\n\nLet's do this 2,000 more times. \n\nI'm dead serious. \n\nCity by city, let's put progressive civil rights\xe2\x80\xa6 https://t.co/1a9YNxtjFJ""",-1
Reply, '@ShaunKing Big wins last night!!!! Thank you all for getting out there and making your voice heard!!! #BlueWaveIsHere #ElectionDay',-1
Tweet, '@TheLoneConserva @Amy_Siskind @IndivisibleTeam Follow tbe dust in our wake',-1
Reply, '@southpawgram @Amy_Siskind @IndivisibleTeam Hhahahahahahahaaaa....a blue state stayed blue. Big win eh?? Lol\nOur\xe2\x80\xa6 https://t.co/RPpIr6guN8',-1
Tweet," '4 more politicians who broke barriers on #ElectionDay:\n\xe2\x80\xa2Andrea Jenkins, first openly trans WOC in Minneapolis City\xe2\x80\xa6 https://t.co/4q0LXmZjsI'",-1
Reply, 'Your turn: what local #ElectionDay races inspired you? We want to hear from you.',-1
Tweet, '@one4REALchange @MSNBC @foxandfriends @SpeakerRyan Nobody should even care about diversity. It should only be if he/she gets the job done.',-1
Reply," '@HaloTheWolf @MSNBC @foxandfriends @SpeakerRyan I agree, get the job done for ALL Americans. We need to tone down t\xe2\x80\xa6 https://t.co/Yq1l3IWumP'",-1
Tweet," ""Danica Roem just became Virginia's first openly transgender elected official, defeating the GOP incumbent in the st\xe2\x80\xa6 https://t.co/hLOornxNl """,-1
Reply," '4 more politicians who broke barriers on #ElectionDay:\n\xe2\x80\xa2Andrea Jenkins, first openly trans WOC in Minneapolis City\xe2\x80\xa6 https://t.co/4q0LXmZjsI'",-1
Tweet, 'Dallas voters decide to get rid of county school bus agency. Students will use the same bus service for the rest of\xe2\x80\xa6 https://t.co/fEmsyV9ekA',-1
Reply, 'The measure has gotten alot of attention in the lead up to #ElectionDay bc in the past DCS has been cited for reckl\xe2\x80\xa6 https://t.co/4m6oSolmxs',-1
Tweet," '""This is for the misfits:\' How Danica Roem became America\'s first transgender lawmaker  https://t.co/2T3tmK2X5G https://t.co/m1hQJKq36P'",-1
Reply," '@Newsweek So now we\'re electing the mentally ill because ""muh inclusions""...\n\n#DanicaRoem #ElectionDay'",-1
Tweet, '@one4REALchange @MSNBC @foxandfriends It was impressive as it was unprecedented and unexpected. Trump broke through\xe2\x80\xa6 https://t.co/xaq6HZuj5M',-1
Reply," ""@HaloTheWolf @MSNBC @foxandfriends It isn't the numbers that are impressive as it is WHO won on #ElectionDay #MAGA\xe2\x80\xa6 https://t.co/WK0H3jJHL9""",-1
Tweet," 'OMG, you gotta see this:\nJust went to fox news website....and there is barely a mention of ANY election coverage on\xe2\x80\xa6 https://t.co/Wn72x5fO7w'",-1
Reply," '@DanMurphy2018 Last night, instead of tracking #ElectionDay returns @FoxNews was talking about #DonnaBrazile &amp; Demo\xe2\x80\xa6 https://t.co/9Olupv268d'",-1
Tweet," '""This is what happens when the people vote"": Former President Obama among Democrats celebrating their electoral win\xe2\x80\xa6 https://t.co/V3js09MV6c'",-1
Reply," '@CNN Lololol oh please. Keep it real!\nOur #ElectionDay consists of sweeping House, Senate, and Presidency. Yours co\xe2\x80\xa6 https://t.co/UZuWUYvxyL'",-1
Tweet," '""VA also elected its first two Latina members of the state House, Hala Ayala and Elizabeth Guzman, and its first As\xe2\x80\xa6 https://t.co/xKDW4EtmPw'",-1
Reply," '""...along with Danica Roem, a transgender woman who defeated the aggressively homophobic author of the state\xe2\x80\x99s (fai\xe2\x80\xa6 https://t.co/A590zAVUAX'",-1
Tweet, 'Hate lost and diversity won on #ElectionDay in Virginia and around the nation. https://t.co/U7gX3yNUDu #VAGov',-1
Reply," '""VA also elected its first two Latina members of the state House, Hala Ayala and Elizabeth Guzman, and its first As\xe2\x80\xa6 https://t.co/xKDW4EtmPw'",-1
Tweet, '@one4REALchange @MSNBC They were mostly blue states. Not that impressive of a win.',-1
Reply, '@HaloTheWolf @MSNBC Then tune into @foxandfriends. In an alternative universe reliving #ElectionDay 2016 is so Impr\xe2\x80\xa6 https://t.co/nfVG9047rz',-1
Tweet," 'A year ago today, Trump was elected. Trying to cope? Check out our ""Presidential"" expansion including ""Midnight Twe\xe2\x80\xa6 https://t.co/DVvpz1NhFY'",-1
Reply, '#electionday #whatmylifeislacking #helpmegetoutofbed #WednesdayWisdom @china',-1
Tweet, '@morningmika @peterdaou Or boycott your show!....',-1
Reply," ""@Maria_squirt @morningmika @peterdaou #Please #no. Let's move on.  Think about #OUR victory last night and the Amer\xe2\x80\xa6 https://t.co/YTwywbl7hz""",-1
Tweet," ""Trump's defenders started downplaying Papadopoulo's role in the campaign. Just like how they downplayed Flynn, Mana\xe2\x80\xa6 https://t.co/2FXZHVzzWR""",-1
Reply, '@hardball #TwoReasonsIGetOutOfBed \n\n1: was @realDonaldTrump  seething  this morning after Tuesday #ElectionDay when\xe2\x80\xa6 https://t.co/aJSpuheexH',-1
Tweet, 'Joe: The country just sent Trump a message: https://t.co/mAUg5RFRFB https://t.co/8aXW98mI5d',-1
Reply," ""@MSNBC Tuesday's #ElectionDay just sent Trump a message.\n\nSome #WednesdayWisdom #Resign https://t.co/gruRy8MNhn""",-1
Tweet, 'Tonight is a victory for the American people.\n\nWe did this.\n\nEach and everyone of us pulled together as citizens an\xe2\x80\xa6 https://t.co/wWDmzjE52t',-1
Reply, '@RedTRaccoon #Congratulations to the #Voters #Citizens and everyone that voted in your local areas n to all the\xe2\x80\xa6 https://t.co/omY4gikDuY',-1
Tweet, 'Sanford Mayor Chet Mann and city council member Chas Post celebrate their (pretty much assured) re-elections last n\xe2\x80\xa6 https://t.co/lU8Q7FoIul',-1
Reply," 'The eventual winners of the Broadway Town Commissioners election \xe2\x80\x94 from left to right, Jim Paschal, Janet Harringto\xe2\x80\xa6 https://t.co/lm1DxrY0rL'",-1
Tweet," '.@KellyannePolls: ""This is a democratic party still at odds with itself. They\'re fighting with each other, they\'re.\xe2\x80\xa6 https://t.co/hoSLWLky5s'",-1
Reply," '@FoxNews @KellyannePolls #ElectionDay But we\xe2\x80\x99re WINNING! SO MUCH WINNING! Please Trump, I can\xe2\x80\x99t take all the WINNING!! '",-1
Tweet, '@politico And discontinue benefits for millions.  Tell the whole story....',-1
Reply, '@grooveybroad123 @politico Politico is sad because #electionday made them cry',-1
Tweet, 'Today is the day!!! https://t.co/9THz86GzjP',-1
Reply," ""@VICE I think we already made out voices heard on #ElectionDay and it had a better effect. I'm all for protesting b\xe2\x80\xa6 https://t.co/y9vOjeh204""",-1
Tweet," '""Virginia\xe2\x80\x99s lesson: Hitching yourself to Trumpism is not worth the humiliation"" https://t.co/jcbmFeD9tC via @PostOpinions'",-1
Reply," '@washingtonpost @PostOpinions Trump, McConnell, Ryan. These Cons stand for nothing beyond their own financial gain.\xe2\x80\xa6 https://t.co/utguF3GZan'",-1
Tweet, '@bjorkianrice I am asking @HillaryClinton to legally contest the fraudulent 2016 election.  The evidence is in; the\xe2\x80\xa6 https://t.co/TEQtGy0s76',-1
Reply, '@PinchandScrimp @HillaryClinton I agree but we the people must full on support this. I absolutely do and will be fo\xe2\x80\xa6 https://t.co/gCKwVuLFoH',-1
Tweet," '.@ChrisMurphyCT on the election results: ""I certainly didn\xe2\x80\x99t see this ass-kicking coming; this is pretty stunning""\xe2\x80\xa6 https://t.co/8N5DT4eTL5'",-1
Reply," ""@politico @ChrisMurphyCT @politico sure didn't their #ElectionDay coverage was pitable""",-1
Tweet," '@whec_chorvatits I forgot to ask you, how was the #ElectionDay newsroom pizza?'",-1
Reply," '@CoreyRadio As a matter of fact, this morning I walked into the newsroom to a plate of #ElectionDay chicken parm.'",-1
Tweet," ""I can't keep track of all the names and percentages. CAN SOMEONE JUST PLEASE TELL ME IF IT'S APOCALYPSE OR NOT. #ElectionDay""",-1
Reply, '@dudleypj Haha!!  Assuming you caught up. \nMy twitter feed is making me so happy this morning!! #ElectionDay',-1
Tweet, 'So excited w/results ! Are you ready to flip @joangreeneaz @hiral4congress @SteveWeichert @Jennifer_Pawlik\xe2\x80\xa6 https://t.co/8hkTSKeO1D',-1
Reply, '@joangreeneaz @hiral4congress @SteveWeichert @Jennifer_Pawlik @kathyhoffman_az @JanuaryAZ And we need @Jake_Bell in\xe2\x80\xa6 https://t.co/BxQ1ZE0FxX',-1
Tweet, 'Goooood morning. What makes your municipality great? #MGWMonth https://t.co/h3mcefVmLM',-1
Reply," '@MDMunicipal Answer: A clean campaign &amp; ""classy"" #ElectionDay concession of power. Incoming Mayor @CitizenMOC O\'Con\xe2\x80\xa6 https://t.co/UQBv9q0Rsa'",-1
Tweet," '@VixenByNight72 @looking4evah ...now that the pendulum is swinging left, as history indicated that it might, 2018 &amp;\xe2\x80\xa6 https://t.co/5PKSHLe0ne'",-1
Reply," '@brothasoap @looking4evah I hope it does continue, but we also cannot be lazy. We still have to go out and vote an\xe2\x80\xa6 https://t.co/SIDHTokC8E'",-1
Tweet, 'Follow Black women. Trust Black women. https://t.co/sRjHYbB600',-1
Reply, '@lsarsour EXCEPT Stacey Dash.\n\nDO NOT FOLLOW STACEY DASH.\n\n#TheFutureisFemale #ElectionDay #Election2017',-1
Tweet, 'Last night was also about the power of @IndivisibleTeam groups. Here in Westchester County the Mercers threw $1 mil\xe2\x80\xa6 https://t.co/U5k5CUWTqA',-1
Reply," '@Amy_Siskind @IndivisibleTeam Lolol wake up white girl\nOur #ElectionDay consists of sweeping House, Senate, and Pre\xe2\x80\xa6 https://t.co/D8shsOap9i'",-1
Tweet," '@RebeccaDante Very clearly!\nI never saw anything like that when Republicans won last year, or when they won electio\xe2\x80\xa6 https://t.co/5uVYIpmWBY'",-1
Reply," ""@LiberalDemIda Yeah I've been riding their asses every post in my feed. They posted negative Democrat stories all d\xe2\x80\xa6 https://t.co/4ndPrYFU9R""",-1
Tweet, '#SundayMorning #Wisdom\n\nhttps://t.co/z2CRkNyenf',-1
Reply, '#WednesdayWisdom - #ElectionDay What a great way to be reminded that everything is temporary.  \n\nhttps://t.co/cWr6oCf4wA',-1
Tweet, 'Joining us now: @JoaquinCastrotx',-1
Reply, '@Morning_Joe @JoaquinCastrotx @JoeNBC @WillieGeist @jheil @esglaude Ds want to help #workingfamilies &amp; Rs want to U\xe2\x80\xa6 https://t.co/NteM5cANmt',-1
Reply," ""Women won BIG in this week's Virginia elections! Click here \xf0\x9f\x91\x89 https://t.co/e7nhXkLLG8 to meet more history-making w\xe2\x80\xa6 https://t.co/NTlS0vncUp""",-1
Reply," 'RT @HRC: Meet the #transgender Americans who won on #ElectionDay: Andrea Jenkins, Minnesota Danica Roem, Virginia Gerri Cannon, Ne'",-1
Reply, 'RT @CaptainsLog2017: #DougJonesForSenate #NoMoore #ElectionDay #RightSideOfHistory\n \nGuess what GOP\n\nVirginia was only the beginning of you\xe2\x80\xa6',-1
Tweet," 'A Black woman, a Latina woman, a trans woman and a socialist walk into the Virginia House of Delegates\n\n\xe2\x80\xa6 \n\nsomethi\xe2\x80\xa6 https://t.co/kiPEWpALah'",-1
Reply," '@AngryBlackLady @nancy091013 A Black woman, a Latina woman, a trans woman and a Socialist walk into a bar....\n#ElectionDay'",-1
Reply," ""Women won BIG in this week's Virginia elections! Click here \xf0\x9f\x91\x89 https://t.co/e7nhXkLLG8 to meet more history-making w\xe2\x80\xa6 https://t.co/NTlS0vncUp""",-1
Tweet, 'Exit polls in VA showed only 47 percent of white women voted Dem while 90 percent of Black women voted Dem. Can pro\xe2\x80\xa6 https://t.co/wlhrqdv6zM',-1
Reply, '@AlenciaJohnson @DonnaFEdwards Why r votes being tracked? Nobody should know who black women vote for or who non co\xe2\x80\xa6 https://t.co/XlN0OtqCKI',-1
Tweet, 'This is what happens when the people vote. Congrats @RalphNortham and @PhilMurphyNJ . And congratulations to all th\xe2\x80\xa6 https://t.co/ZvUKZIDGAj',-1
Reply," '@BarackObama @RalphNortham @PhilMurphyNJ We all couldn\xe2\x80\x99t have done this without your continuous support, Mr Preside\xe2\x80\xa6 https://t.co/lf4Npx7tIq'",-1
